{
	"name" : "Install iLLDs Full Set",
		
	"commands" : [
		{
			"type": "SAVE-PROJECT-METADATA", 
			"entries": [
				{"key": "AURIX-LIBRARY-PATH", "value": "${dest-path}/iLLD"},
				{"key": "AURIX-LIBRARY-PATH", "value": "${dest-path}/Infra"},
				{"key": "AURIX-LIBRARY-PATH", "value": "${dest-path}/Service"},
				{"key": "AURIX-LIBRARY-PATH", "value": "${dest-path}/.ads"},
				{"key": "NEVER-EXCLUDE-FROM-BUILD", "value": "${dest-path}/iLLD/TC29B/Tricore/Cpu/CStart"},
				{"key": "NEVER-EXCLUDE-FROM-BUILD", "value": "${dest-path}/iLLD/TC29B/Tricore/Cpu/Trap"}
			]		
		},
		{
			"type": "CONTENT", 
			"from": "/", 
			"to": "/"
		}
	]
}